URL,Meta_Title,Meta_Description
/,▷ Marketing Digital para PYMEs | Servicios de SEO y Consultoría,"Especialistas en marketing digital para PYMEs con servicios de SEO, Google Ads, diseño web y análisis enfocado en resultados ✅"
/agencia-de-marketing-digital-en-barcelona/,▷ Marketing Digital en Barcelona | Estrategias para Pymes,"Estrategias de marketing digital en Barcelona centradas en SEO, Google Ads y diseño web para pymes. Información clara y útil para mejorar presencia online ✅"
/agencia-de-marketing-digital-en-sabadell/,▷ Marketing Digital para pymes en Sabadell | Estrategias y servicios,"Marketing digital en Sabadell para pymes: SEO, Google Ads y diseño web enfocados en captar clientes y mejorar la presencia online ✅💡"
/agencia-de-marketing-digital-en-sant-cugat/,▷ Marketing Digital en Sant Cugat | Estrategias para pymes,"Marketing digital en Sant Cugat: SEO, Google Ads y diseño web para pymes que buscan crecimiento sostenible y presencia online efectiva.✅"
/agencia-de-marketing-digital-en-terrassa/,▷ Marketing Digital en Terrassa | Estrategias para Pymes,"Soluciones de marketing digital en Terrassa: SEO, Google Ads y diseño web para pymes que buscan captar clientes y competir con eficacia. ✅"
/agencia-ecommerce/,▷ Marketing para Ecommerce | Agencia especializada en tiendas online,"Agencia de marketing para ecommerce con servicios en SEO, Google Ads, Meta Ads, email y diseño web para optimizar resultados y ventas online ✅"
/agencia-ecommerce/diseno-web/,▷ Diseño Web Ecommerce | Webs Optimizadas y Rápidas,"Diseño web especializado en ecommerce con enfoque en velocidad, optimización SEO y usabilidad para mejorar la experiencia y ventas online ✅"
/agencia-ecommerce/email-marketing/,▷ Email Marketing para Ecommerce | Flujos y automatizaciones,"Estrategias de email marketing para ecommerce: flujos automáticos como bienvenida, carrito abandonado y recompra para optimizar resultados✅"
/agencia-ecommerce/google-ads/,▷ Google Ads para Ecommerce | Shopping y Performance Max,"Campañas de Google Ads para ecommerce con Shopping y Performance Max. Feed optimizado, fee fijo y resultados medidos en ROAS ✅"
/agencia-ecommerce/meta-ads/,▷ Meta Ads para Ecommerce | Facebook e Instagram Ads,"Campañas de Meta Ads para ecommerce con creativos, catálogos conectados y remarketing en Instagram y Facebook. Resultados medidos en ROAS ✅"
/agencia-ecommerce/posicionamiento-geo/,▷ Posicionamiento GEO para Ecommerce con IA | Estrategias SEO,Descubre cómo el posicionamiento GEO potencia tu ecommerce en IA para que ChatGPT y otras herramientas recomienden tu tienda ⭐ Más información aquí.
/agencia-ecommerce/seo/,▷ SEO para Ecommerce | Posicionamiento en Tiendas Online,"Servicios SEO para ecommerce: optimización de arquitectura, fichas y contenidos que conectan con búsquedas de compra. Información detallada ✅"
/agencia-geo-para-pymes/,▷ Posicionamiento en IA GEO para PYMEs: Estrategias y Soluciones,"Posicionamiento GEO en IA para PYMEs con análisis de ChatGPT, Gemini y Google AI. Conoce cómo optimizar tu presencia digital con métodos avanzados 💡"
/agencia-geo-para-pymes/barcelona/,▷ Agencia GEO en Barcelona | Posicionamiento IA para PYMEs,Agencia GEO en Barcelona especializada en posicionamiento IA (GEO/AEO) para que herramientas como ChatGPT y Google AI destaquen tu empresa. 💡
/agencia-geo-para-pymes/sabadell/,▷ Agencia GEO en Sabadell | Posicionamiento en IA para PYMEs,Especialistas en posicionamiento GEO/AEO para PYMEs en Sabadell. Mejora la visibilidad de tu empresa en IA y plataformas como ChatGPT y Google AI. 💡
/agencia-geo-para-pymes/sant-cugat/,▷ Agencia GEO en Sant Cugat | Posicionamiento IA para PYMEs,Especialistas en posicionamiento GEO/AEO en Sant Cugat para que IA como ChatGPT y Google AI recomienden tu PYME ⭐ Más información.
/agencia-geo-para-pymes/terrassa/,▷ Agencia GEO en Terrassa | Posicionamiento IA para PYMEs,Posicionamiento GEO y AEO en Terrassa para que IA como ChatGPT y Google AI destaquen tu PYME 💡 Más información sobre nuestra metodología.
/agencia-inmobiliarias/,▷ Marketing para inmobiliarias | Captación de propietarios y compradores,"Agencia especializada en marketing inmobiliario: SEO, Google Ads, Meta Ads, email y diseño web para captar propietarios y compradores ✅ Resultados medidos"
/agencia-inmobiliarias/desarrollo-propio/,▷ Marketing inmobiliario con desarrollo web propio | Agencia especializada,"Soluciones de marketing para inmobiliarias con desarrollo web propio, SEO, Ads y CRO adaptados a tu plataforma ✅ Más información disponible"
/agencia-inmobiliarias/diseno-web/,▷ Diseño Web para Inmobiliarias | Webs Rápidas y Optimizada,"Diseño web para inmobiliarias con enfoque en velocidad, SEO y captación efectiva. Webs sin permanencias para un control total. ✅"
/agencia-inmobiliarias/email-marketing/,▷ Email Marketing para Inmobiliarias | Nurturing y Automatizaciones,"Email marketing para inmobiliarias con estrategias de nurturing, alertas exclusivas y seguimiento automático que mejora la gestión de contactos ✅"
/agencia-inmobiliarias/google-ads/,▷ Google Ads para Inmobiliarias | Leads de Propietarios y Compradores,"Campañas de Google Ads especializadas en inmobiliarias para captar leads de propietarios y compradores. Fee fijo, sin permanencias ✔️"
/agencia-inmobiliarias/meta-ads/,▷ Meta Ads para Inmobiliarias en Instagram y Facebook | Marketing Digital,Campañas de Meta Ads para inmobiliarias que captan propietarios y promocionan exclusivas en Instagram y Facebook. Sin permanencias. Más información💡
/agencia-inmobiliarias/posicionamiento-geo/,▷ Posicionamiento GEO para inmobiliarias | Agencia especializada,"Soluciones de posicionamiento GEO para inmobiliarias. Optimiza recomendaciones en IA como ChatGPT, Gemini y Perplexity ✅ Más información."
/agencia-inmobiliarias/seo/,▷ SEO para Inmobiliarias | Posicionamiento Local Inmobiliario,"SEO inmobiliario para captar propietarios y compradores con contenido local, landings por barrio y estrategias que reducen la dependencia de portales."
/agencia-inmobiliarias/wordpress/,"▷ Marketing Inmobiliario en WordPress: SEO, Ads y CRO optimizados","Estrategias de marketing inmobiliario para WordPress: SEO, Ads y CRO adaptados a tu web para mejorar la captación. Sin permanencias.✅"
/agencia-restaurantes/,▷ Agencia de marketing para restaurantes | SEO local y más,"Marketing especializado para restaurantes: SEO local, Google Ads, email y diseño web con resultados en reservas ⭐ Conoce cómo trabajamos"
/agencia-restaurantes/desarrollo-propio/,▷ Marketing para Restaurantes con Desarrollo Web Propio | SEO Local y Ads,"Estrategias de marketing para restaurantes con desarrollo web propio: SEO local, Ads y CRO adaptados para optimizar tu plataforma. Más información ✅"
/agencia-restaurantes/diseno-web/,▷ Diseño Web para Restaurantes | Webs Rápidas y Optimizadas,"Diseño web especializado en restaurantes con webs rápidas, optimizadas para Google y enfocadas en aumentar reservas. Información clara y profesional ✅"
/agencia-restaurantes/email-marketing/,▷ Email Marketing para Restaurantes | Fidelización y Repetición,Estrategias de email marketing para restaurantes: fideliza clientes y aprovecha eventos y menús para aumentar la repetición 🔄✅.
/agencia-restaurantes/google-ads/,▷ Google Ads para Restaurantes | Reservas directas sin comisiones,Campañas de Google Ads especializadas para restaurantes que aumentan reservas directas. Modelo con fee fijo y sin permanencias. Más información disponible ✅
/agencia-restaurantes/meta-ads/,▷ Meta Ads para Restaurantes | Instagram y Facebook,Campañas de Meta Ads especializadas para restaurantes con creativos que muestran tus platos en redes sociales. Sin permanencias. Más información ✅
/agencia-restaurantes/posicionamiento-geo/,▷ Posicionamiento GEO para Restaurantes | IA Aplicada en Locales,Optimiza el posicionamiento GEO de tu restaurante para que IA como ChatGPT y Gemini sugieran tu local en búsquedas locales ✅ Más información
/agencia-restaurantes/seo/,▷ SEO para Restaurantes | Posiciona tu Restaurante en Google,"Optimiza tu restaurante con SEO local: ficha de Google, reseñas y contenido para aparecer en búsquedas de dónde comer cerca.✅ Más información."
/agencia-restaurantes/wordpress/,▷ Marketing para Restaurantes con WordPress | SEO Local y CRO,"Especialistas en marketing para restaurantes con WordPress: SEO local, Ads y optimización para mejorar la presencia online y llenar mesas ✅"
/agencia-sem-para-pymes/,▷ Agencia Google Ads para PYMEs | Campañas SEM con resultados medidos,"Agencia SEM para PYMEs con campañas de Google Ads, fee fijo, cuenta propia y seguimiento claro en leads y ventas ✅ Sin compromisos permanentes."
/agencia-sem-para-pymes/barcelona/,▷ Google Ads en Barcelona para PYMEs | Agencia especializada,"Agencia experta en Google Ads en Barcelona para PYMEs. Campañas con fee fijo, cuenta a nombre del cliente y resultados medidos en leads y ventas.✅"
/agencia-sem-para-pymes/sabadell/,▷ Google Ads en Sabadell | Agencia para PYMEs con fee fijo,"Agencia de Google Ads en Sabadell para PYMEs. Campañas con cuenta a tu nombre, fee fijo y resultados en leads y ventas ✅ Sin permanencias."
/agencia-sem-para-pymes/sant-cugat/,▷ Google Ads en Sant Cugat | Agencia para PYMEs con cuenta propia,"Agencia de Google Ads en Sant Cugat para PYMEs. Campañas con fee fijo, cuenta a tu nombre y seguimiento de leads y ventas ✅ Más información"
/agencia-sem-para-pymes/terrassa/,▷ Google Ads en Terrassa | Agencia especializada para PYMEs,"Agencia de Google Ads en Terrassa para PYMEs: campañas con fee fijo, cuenta a tu nombre y medición clara en leads y ventas ✅ Más información."
/agencia-seo-para-pymes/,▷ Agencia SEO para PYMEs | Posicionamiento en Google,Agencia SEO especializada en PYMEs que ayuda a aparecer en Google y convertir búsquedas en ventas. Sin permanencias y con informes claros. ✅
/agencia-seo-para-pymes/barcelona/,▷ Agencia SEO en Barcelona | Posicionamiento Google para PYMEs,Agencia SEO en Barcelona especializada en posicionar PYMEs en Google ⭐ Estrategias personalizadas para mejorar visibilidad y atraer clientes locales.
/agencia-seo-para-pymes/sabadell/,▷ Agencia SEO en Sabadell | Posicionamiento para PYMEs,Agencia SEO en Sabadell especializada en posicionar PYMEs en Google. Estrategias adaptadas a tu negocio 💡 Más información y contacto ✅
/agencia-seo-para-pymes/sant-cugat/,▷ Agencia SEO en Sant Cugat | Posicionamiento para PYMEs,Agencia SEO en Sant Cugat especializada en posicionar PYMEs localmente en Google. Conoce cómo logramos visibilidad y clientes reales ✅
/agencia-seo-para-pymes/terrassa/,▷ Agencia SEO en Terrassa | Posicionamiento para PYMEs,Agencia SEO en Terrassa que ayuda a PYMEs a mejorar su visibilidad en Google ⭐ Estrategias organizadas y sin compromiso ✅
/aviso-legal/,▷ Aviso Legal y cumplimiento LSSI-CE | Información oficial,Información legal y datos identificativos conforme a la LSSI-CE para transparencia y confianza en los servicios ofrecidos. Más información ✅
/blog/,▷ Marketing Digital para Pymes: Blog con Guías y Consejos,"Blog con consejos, guías y tendencias en marketing digital, SEO, SEM y diseño web para pequeñas y medianas empresas. 💡✅"
/blog/como-conseguir-mas-resenas-en-google-para-tu-pyme/,▷ Cómo conseguir más reseñas en Google para tu PYME,Descubre una estrategia real para conseguir más reseñas en Google. Mejora la reputación de tu PYME y optimiza tu posicionamiento SEO ✅
/blog/como-saber-si-tu-web-esta-bien-hecha/,▷ Cómo saber si tu web está bien hecha: checklist completa,"Checklist completa para evaluar si tu web está bien hecha: velocidad, SEO, conversión y UX ✅ Diagnóstico claro para mejorar resultados."
/blog/Consultoria-de-marketing/,▷ Consultoría de marketing para pymes | Blog especializado,"Artículos y análisis sobre consultoría de marketing para pymes, con ideas y recursos clave para mejorar su estrategia. 💡✅"
/blog/consultoria-seo/,▷ Consultoría SEO para PYMES | Blog especializado,Artículos y recursos sobre consultoría SEO para pymes. Conoce estrategias y buenas prácticas para mejorar tu posicionamiento web. 💡✅
/blog/cuanto-cuesta-una-web-para-una-pyme-en-2026/,▷ Coste de una web para PYME en 2026: guía y factores clave,"Cuánto cuesta una web para una PYME en 2026: precios según tipo, CMS y estrategia. Análisis claro para una inversión adecuada ✅"
/blog/cuanto-tarda-el-seo-en-dar-resultados-en-una-pyme/,▷ Cuánto tarda el SEO en dar resultados en una pyme,El SEO puede tardar de 3 a 12 meses en mostrar resultados. Aprende qué factores influyen y cómo optimizar el posicionamiento en tu pyme ✅
/blog/cuanto-tiene-que-invertir-una-pyme-en-marketing/,▷ Inversión en marketing para pymes: guía de presupuesto,"Cuánto invertir en marketing para una pyme: presupuesto ideal, distribución y canales más efectivos para captar clientes 💡✅"
/blog/dar-acceso-a-tu-perfil-de-empresa-en-google/,▷ Perfil de Empresa en Google: acceso y gestión fácil,"Accede y gestiona tu Perfil de Empresa en Google para tiendas, clínicas u oficinas. Una herramienta clave para conectar con clientes ✅"
/blog/diseno-web/,▷ Diseño web para pymes | Blog especializado en diseño web,Artículos profesionales sobre diseño web para pymes 💡 Descubre consejos y tendencias para mejorar la presencia digital de tu empresa ✅
/blog/donde-viene-el-trafico/,▷ Top 5000 Internet: Estrategias clave para tu pyme,"Análisis de las 5.000 webs más grandes para aplicar SEO, redes e IA en tu pyme. Claves reales y actuales para captar clientes en 2026 ✅"
/blog/e-commerce/,▷ E-commerce para pymes | Blog especializado,"Recopilación de artículos sobre e-commerce para pymes, con análisis y estrategias que aportan valor en el sector digital 💡"
/blog/google-ads/,▷ Google Ads para pymes | Blog especializado en marketing digital,"Artículos y análisis sobre Google Ads enfocados en pymes, con consejos prácticos y novedades relevantes para mejorar campañas. 💡✅"
/blog/los-7-mejores-crm-para-una-pyme/,▷ Mejores CRM para pymes en 2026 | Comparativa detallada,Descubre los 7 CRM mejor valorados para pymes en 2026. Análisis claro y profesional para elegir la herramienta que se adapta a tus necesidades. ✅
/blog/marketing-digital/,▷ Marketing Digital para Pymes | Blog especializado,Artículos profesionales sobre marketing digital para pymes que aportan conocimiento y buenas prácticas para mejorar su presencia online 💡✅
/blog/mejores-herramientas-de-gestion-de-redes-sociales-para-pymes/,▷ Mejores herramientas para redes sociales 2026: guía comparativa,"Análisis detallado de las mejores herramientas para redes sociales en 2026 para pymes. Compara Metricool, Hootsuite, Agorapulse y Buffer ✅"
/blog/mejores-herramientas-seo-para-pymes/,▷ Herramientas SEO para PYMES: 8 opciones clave y guía,"Herramientas SEO para PYMES: análisis de funcionalidades, precios y opciones según objetivos y fase para una estrategia clara y realista ✅"
/blog/que-es-la-intencion-de-busqueda-en-el-seo/,▷ Intención de búsqueda en SEO y su impacto en las PYMES,"Descubre qué es la intención de búsqueda y cómo influye en el SEO para PYMES, ayudando a atraer tráfico cualificado y mejorar conversiones.✅"
/blog/que-necesita-una-pyme-seo-o-sem/,▷ SEO o SEM para PYMEs: qué estrategia conviene más,"SEO o Google Ads: guía para que tu PYME elija la mejor estrategia según fase, presupuesto y objetivos ✅💡"
/blog/seo-local/,▷ SEO Local: artículos y recursos para pymes,Encuentra artículos sobre SEO Local para pymes con consejos y análisis que te ayudarán a comprender y mejorar tu presencia online. 💡✅
/blog/seo/,▷ SEO: artículos y consejos para pymes | Blog especializado,Artículos sobre SEO para pymes con consejos prácticos y actualizados. 💡 Aprende cómo mejorar la visibilidad online paso a paso.
/ca/,"▷ ","Agència especialitzada en marketing digital per a pimes: SEO, Google Ads, disseny web i consultoria amb avaluació de resultats i atenció personalitzada."
/ca/404/,▷ Pàgina no trobada | Error 404 en el lloc web,La pàgina que cerques no existeix o ha estat eliminada. Consulta la URL o torna a la pàgina principal per continuar navegant ✅
/ca/agencia-de-marketing-digital-a-barcelona/,▷ Marketing Digital en Barcelona | Estrategias para pymes,"Estrategias de marketing digital en Barcelona: SEO, Google Ads y diseño web para mejorar la captación y presencia online de pymes.✅"
/ca/agencia-de-marketing-digital-a-sabadell/,▷ Marketing Digital en Sabadell | Estrategias para pymes,"Consultoría en marketing digital para pymes en Sabadell: SEO, Google Ads y diseño web para mejorar presencia y captar clientes.✅"
/ca/agencia-de-marketing-digital-a-sant-cugat/,▷ Marketing Digital en Sant Cugat | Estrategias para PYMES,"Marketing digital en Sant Cugat: SEO, Google Ads y diseño web para pymes que buscan crecer y mejorar su presencia online ✅💡"
/ca/agencia-de-marketing-digital-a-terrassa/,▷ Marketing Digital en Terrassa | Estrategias para pymes,"Soluciones en SEO, Google Ads y diseño web en Terrassa para pymes que buscan crecimiento sostenible y presencia efectiva. ✅ Más información"
/ca/agencia-ecommerce/,▷ Agència de Màrqueting per a Ecommerce | Botigues Online,"Especialistes en màrqueting per a ecommerce: SEO, Google Ads, Meta Ads, email i disseny web per optimitzar vendes i ROAS ✅"
/ca/agencia-ecommerce/diseno-web/,▷ Disseny Web per a Ecommerce | Webs Optimitzades i Ràpides,"Disseny web especialitzat en ecommerce, ràpid i optimitzat per a Google, amb enfocament en la conversió i sense permanències ✅"
/ca/agencia-ecommerce/email-marketing/,▷ Email Màrqueting per a Ecommerce | Fluxos i Automatitzacions,"Email màrqueting per a ecommerce: carret abandonat, benvinguda i campanyes per convertir la teva llista en un canal rendible ✅"
/ca/agencia-ecommerce/google-ads/,▷ Google Ads per a Ecommerce | Shopping i Performance Max,"Campanyes de Google Ads per a ecommerce amb Shopping, Performance Max i feed optimitzat. Fee fix i resultats mesurats en ROAS ✅"
/ca/agencia-ecommerce/meta-ads/,▷ Meta Ads per a Ecommerce | Instagram i Facebook Ads,"Especialistes en campanyes de Meta Ads per a ecommerce: creatius, catàlegs connectats i remarketing dinàmic a Instagram i Facebook 💡"
/ca/agencia-ecommerce/posicionamiento-geo/,▷ Posicionament GEO per a Ecommerce | Estratègies IA Efectives,"Especialistes en posicionament GEO per a ecommerce. Optimitza la presència en IA com ChatGPT, Gemini i Perplexity amb solucions sense permanències ✅"
/ca/agencia-ecommerce/seo/,▷ Posicionament SEO per a Ecommerce | Experts en Botigues Online,"Agència especialitzada en SEO per a ecommerce: arquitectura web, fitxes de producte i continguts orientats a la cerca amb intenció de compra ✅"
/ca/agencia-geo-per-pimes/,▷ Posicionament en IA GEO per a Pimes | Consultoria especialitzada,"Servei de posicionament en IA (GEO/AEO) per a pimes. Optimitza la presència amb recomanacions de ChatGPT, Gemini i Google AI.💡"
/ca/agencia-geo-per-pimes/barcelona/,▷ Posicionament en IA per a Pimes | Agència GEO a Barcelona,Agència GEO a Barcelona especialitzada en posicionament en IA (GEO/AEO) perquè ChatGPT i Google recomanin la teva empresa local. Conoce cómo trabajamos ✅
/ca/agencia-geo-per-pimes/sabadell/,▷ Posicionament en IA per a Pimes a Sabadell | Agència GEO,"Especialitzats en posicionament GEO/AEO amb IA perquè ChatGPT, Google AI i altres recomanin la teva empresa a Sabadell i comarca ✅"
/ca/agencia-geo-per-pimes/sant-cugat/,▷ Posicionament en IA per a Pimes a Sant Cugat | Agència GEO,"Especialistes en posicionament GEO/AEO a Sant Cugat perquè ChatGPT, Gemini i Google AI recomanin la teva empresa als clients locals ✅"
/ca/agencia-geo-per-pimes/terrassa/,▷ Posicionament en IA GEO a Terrassa | Serveis per a Pimes,"Servei de posicionament en IA (GEO/AEO) per a pimes de Terrassa i comarca per a recomanacions de ChatGPT, Gemini i Google AI ✅"
/ca/agencia-inmobiliarias/,▷ Agència de Màrqueting per a Immobiliàries | Captació Propietaris,"Especialistes en màrqueting immobiliari: SEO, Google Ads, Meta Ads, email i web per atraure propietaris i compradors a la teva zona ✅"
/ca/agencia-inmobiliarias/desarrollo-propio/,▷ Màrqueting Immobiliari per a Desenvolupament Propi | Estratègies SEO Ads,"Màrqueting per immobiliàries amb web pròpia. Serveis d’SEO, Ads i CRO adaptats a la teva plataforma. Sense permanències. Coneix com treballem✅"
/ca/agencia-inmobiliarias/diseno-web/,▷ Disseny Web per Immobiliàries | Webs Eficients i Optimitzades,"Disseny web especialitzat per a immobiliàries, amb webs ràpides i optimitzades per a Google que faciliten la captació de clients. Sense permanències ✅"
/ca/agencia-inmobiliarias/email-marketing/,▷ Email Màrqueting per a Immobiliàries | Nurturing i Automatitzacions,Solucions d'email màrqueting per a immobiliàries amb nurturing de propietaris i alertes personalitzades. Estratègies clares i professionals.✅
/ca/agencia-inmobiliarias/google-ads/,▷ Google Ads per a Immobiliàries | Leads de Propietaris i Compradors,Campanyes de Google Ads específiques per a immobiliàries. Captació de leads de propietaris i compradors amb fee fix i resultats mesurats. Sense permanències ✅
/ca/agencia-inmobiliarias/meta-ads/,▷ Meta Ads per a Immobiliàries | Instagram i Facebook,Campanyes especialitzades en Meta Ads per a immobiliàries. Captació de propietaris i exposició d’exclusives a Instagram i Facebook ✅
/ca/agencia-inmobiliarias/posicionamiento-geo/,▷ Posicionament GEO per a immobiliàries | Agència especialitzada,"Solucions de posicionament GEO per a immobiliàries amb IA com ChatGPT, Gemini i Perplexity. Descobreix com millorar la visibilitat i confiança.✅"
/ca/agencia-inmobiliarias/seo/,▷ SEO per a Immobiliàries | Posicionament Local i Contingut Especialitzat,SEO immobiliari per captar propietaris i compradors locals amb landings de barri i contingut adaptat. Redueix la dependència dels portals ✅
/ca/agencia-inmobiliarias/wordpress/,▷ Màrqueting Immobiliari per a WordPress | Serveis especialitzats,"Màrqueting digital per a immobiliàries amb web WordPress: SEO, publicitat i optimització de la conversió adaptats a la teva plataforma ✅"
/ca/agencia-restaurantes/,▷ Màrqueting per a Restaurants | Estratègies per Omplir Taules,"Especialistes en màrqueting per a restaurants: SEO local, Google Ads, Meta Ads, email i disseny web per augmentar reserves sense comissions ✅"
/ca/agencia-restaurantes/desarrollo-propio/,▷ Màrqueting per a Restaurants amb Web Propia i SEO Local,"Agència especialitzada en màrqueting per a restaurants amb desenvolupament web propi, SEO local, Ads i CRO adaptats a la teva plataforma ✅"
/ca/agencia-restaurantes/diseno-web/,▷ Disseny Web per a Restaurants | Webs Ràpides i Optimitzades,"Disseny web per a restaurants amb webs ràpides, optimitzades per a Google i orientades a omplir taules ✔️ Sense permanències."
/ca/agencia-restaurantes/email-marketing/,▷ Email màrqueting per a restaurants | Fidelització i retorn,"Estrategies d’email màrqueting per a restaurants: gestió de clients, esdeveniments i promocions per optimitzar la fidelització i la repetició.✅"
/ca/agencia-restaurantes/google-ads/,▷ Google Ads per a Restaurants | Reserves sense Comissions,"Campanyes de Google Ads per restaurants que apareixen en cerques locals i transformen clics en reserves directes. Fee fix, sense permanències ✅"
/ca/agencia-restaurantes/meta-ads/,▷ Meta Ads per a Restaurants | Instagram i Facebook,Campanyes de Meta Ads per a restaurants per mostrar els teus plats a Instagram i Facebook amb creatius que captiven sense compromís de permanència ✅
/ca/agencia-restaurantes/posicionamiento-geo/,▷ Posicionament GEO per a Restaurants | Estratègies IA Eficaços,Optimitza la presència del teu restaurant amb posicionament GEO i intel·ligència artificial com ChatGPT o Gemini. Consulta la metodologia i resultats ✅
/ca/agencia-restaurantes/seo/,▷ SEO per a Restaurants | Posiciona el teu negoci localment,"Optimitzem el SEO per a restaurants amb fitxa de Google, ressenyes i contingut local per aparèixer en cerques de proximitat. Coneix com treballem✅"
/ca/agencia-restaurantes/wordpress/,▷ Màrqueting per a restaurants amb WordPress | Serveis adaptats,"Màrqueting per a restaurants amb web WordPress: SEO local, gestió d’Ads i optimització de conversió adaptada a la teva plataforma ✅"
/ca/agencia-sem-per-pimes/,▷ Agència Google Ads per a Pimes | Campanyes SEM efectives,"Agència SEM per a pimes amb campanyes de Google Ads, fee fix i compte propi. Més informació sobre resultats mesurats en leads i vendes ✅"
/ca/agencia-sem-per-pimes/barcelona/,▷ Google Ads a Barcelona | Publicitat per a Pimes a Barcelona,"Agència especialitzada en Google Ads per a pimes a Barcelona. Campanyes clares amb comptes al teu nom, seguiment de leads i sense permanències ✅"
/ca/agencia-sem-per-pimes/sabadell/,▷ Google Ads a Sabadell | Publicitat per a Pimes,"Agència de Google Ads a Sabadell per a pimes. Campanyes amb fee fix, compte pròpia i seguiment de resultats en leads i vendes ✅"
/ca/agencia-sem-per-pimes/sant-cugat/,▷ Google Ads Sant Cugat | Publicitat per a Pimes | Campanyes fixes,"Agència Google Ads a Sant Cugat per a pimes, amb campanyes de fee fix, compte propi i resultats mesurats en leads i vendes ✅ Sense permanències."
/ca/agencia-sem-per-pimes/terrassa/,▷ Google Ads a Terrassa | Publicitat per a Pimes amb gestió clara,"Agència de Google Ads a Terrassa amb campanyes transparent, compte al teu nom i resultats mesurats en leads i vendes ✅ Sense compromisos a llarg termini."
/ca/agencia-seo-per-pimes/,▷ Agència SEO per a Pimes | Posicionament a Google,Especialistes en SEO per a pimes. Optimitza la teva presència a Google amb informes clars i sense compromís ✅ Descobreix com podem ajudar-te.
/ca/agencia-seo-per-pimes/barcelona/,▷ Agència SEO a Barcelona | Posicionament per Pimes a Google,Agència SEO a Barcelona especialitzada en posicionament per pimes. Descobreix com aparèixer a Google i connectar amb clients locals de forma natural ✅
/ca/agencia-seo-per-pimes/sabadell/,▷ Agència SEO a Sabadell | Posicionament per a Pimes,Especialistes en SEO per a pimes a Sabadell. Millora la visibilitat a Google i capta clients locals amb estratègies personalitzades. Más información ✅
/ca/agencia-seo-per-pimes/sant-cugat/,▷ Agència SEO a Sant Cugat | Posicionament per a Pimes,Especialistes en SEO a Sant Cugat per a pimes. Optimitzem el teu posicionament a Google perquè clients locals et trobin amb confiança ✅
/ca/agencia-seo-per-pimes/terrassa/,▷ Agència SEO a Terrassa | Posicionament per a Pimes,Especialistes en SEO per a pimes a Terrassa. Millora la teva visibilitat a Google i connecta amb clients locals de manera efectiva. 💡 Conoce cómo trabajamos.
/ca/avis-legal/,▷ Avís Legal en compliment amb la LSSI-CE,Informació legal detallada i identificativa segons la LSSI-CE per garantir transparència i compliment normatiu en els serveis digitals.✅
/ca/blog/,▷ Marketing Digital para Pymes: consejos y tendencias,"Guías y consejos sobre marketing digital, SEO, SEM y diseño web para pequeñas y medianas empresas 💡 Estrategias útiles y actualizadas."
/ca/blog/com-aconseguir-mes-ressenyes-a-google-per-a-la-teva-pime/,▷ Més ressenyes a Google per a la teva PIME: guia efectiva,"Aprèn a obtenir més ressenyes a Google amb una estratègia veritable. Millora la reputació, el posicionament i la captació de clients ✅"
/ca/blog/com-saber-si-la-teva-web-esta-ben-feta/,▷ Com saber si la teva web està ben feta | Checklist essencial,"Revisa la teva web amb aquesta checklist detallada: velocitat, SEO, UX i conversió per detectar errors i millorar el seu rendiment ✅"
/ca/blog/consultoria-de-marketing/,▷ Consultoria de marketing para pymes | Blog especializado,Artículos sobre consultoría de marketing para pymes que ofrecen análisis y consejos útiles ✅ para mejorar la estrategia empresarial 💡.
/ca/blog/consultoria-seo/,▷ Consultoria SEO para Pymes | Blog especializado,"Artículos profesionales sobre consultoria SEO para pymes, con insights prácticos y consejos útiles para mejorar la visibilidad online. ✅💡"
/ca/blog/disseny-web/,▷ Disseny web: articles per a pimes i professionals,"Coneix articles especialitzats en disseny web per a pimes, amb informació clara i útil per a projectes digitals. 💡✅"
/ca/blog/don-ve-el-trafic-web/,▷ Top 5000 Internet: claus per a PIMES en 2026,"Anàlisi del Top 5000 del trànsit online i les estratègies clave per a PIMES en SEO, xarxes socials, UX i IA per competir el 2026 💡"
/ca/blog/donar-acces-al-teu-perfil-dempresa-a-google/,▷ Perfil d'Empresa a Google: Accés i gestió fàcil,"Consulta com gestionar el teu Perfil d’Empresa a Google, una eina clau per a comerços, clíniques i negocis amb atenció al públic ✅"
/ca/blog/e-commerce/,▷ E-commerce: artículos y recursos para pymes | Blog especializado,Descubre artículos profesionales sobre e-commerce enfocados en pymes. Contenido práctico y actualizado para mejorar tu estrategia digital ✅
/ca/blog/els-7-millors-crm-per-la-teva-pime/,▷ Top 7 CRM per a PIME al 2026 | Guia Comparativa,Descobreix els 7 millors CRM per a la teva PIME al 2026 i com poden adaptar-se a les teves necessitats empresarials. Anàlisi clara i professional ✅
/ca/blog/google-ads/,▷ Google Ads: artículos para pymes en marketing digital,"Guía y análisis sobre Google Ads para pymes, con consejos prácticos y novedades 💡 para optimizar campañas de marketing digital."
/ca/blog/marketing-digital/,▷ Marketing Digital para Pymes | Blog especializado,"Artículos expertos sobre marketing digital para pymes, con contenido útil y actualizado 💡 para mejorar tus estrategias online."
/ca/blog/millors-eines-de-gestio-de-xarxes-socials-per-a-pimes/,▷ Eines per a xarxes socials 2026: comparativa i anàlisi,"Anàlisi detallada de les millors eines de gestió de xarxes socials per a pimes el 2026: Metricool, Hootsuite, Agorapulse i Buffer.💡"
/ca/blog/millors-eines-seo-per-a-pimes/,▷ Eines SEO per a PIMES: funcions i preus comparats,"Coneix les principals eines SEO per a PIMES, les seves funcions i preus per triar l’opció que s’adapta millor als teus objectius i fase 💡"
/ca/blog/quant-costa-una-web-per-a-una-pime-el-2026/,▷ Cost d'una web per a PIME el 2026: factors clau i preus,"Cost d'una web professional per a PIME el 2026: preus segons tipus, CMS i estratègia. 💡 Coneix les claus per una inversió segura i ajustada."
/ca/blog/quant-ha-dinvertir-una-pime-en-marketing/,▷ Inversió en màrketing per a la teva PIME: guia pràctica,"Quant ha d’invertir una PIME en màrketing? Analitzem el pressupost, la distribució i els canals que aporten clients de forma eficient 💡"
/ca/blog/quant-triga-el-seo-a-donar-resultats-en-una-pime/,▷ Quant triga el SEO a donar resultats en una pime?,"Coneix el temps estimat perquè el SEO aporti resultats reals a una pime, els factors que ho condicionen i com optimitzar el posicionament. ✅"
/ca/blog/que-es-la-intencio-de-cerca-en-el-seo/,▷ Intenció de cerca en SEO: impacte en les PIMES,Descobreix què és la intenció de cerca i com influeix en el SEO de les PIMES per atraure trànsit qualificat i millorar resultats 💡
/ca/blog/que-necesita-una-pime-seo-o-sem/,▷ SEO o SEM: què necessita la teva PIME segons els objectius,"SEO o Google Ads: analitza la fase, pressupost i objectius de la teva PIME per triar la millor estratègia de captació ✅💡"
/ca/blog/seo-local/,▷ Seo Local: Estrategias y Recursos para Pymes,Artículos sobre Seo Local para pymes con claves y consejos prácticos para mejorar su visibilidad online. 💡 Más información disponible.
/ca/blog/seo/,▷ SEO para pymes | Blog especializado en estrategias SEO,"Artículos profesionales sobre SEO para pymes, con información útil y actualizada para mejorar la visibilidad online. 💡 Más información disponible."
/ca/casos-exit/,▷ Casos d'èxit per a pimes: resultats i creixement empresarial,Descobreix casos d'èxit amb resultats reals per a petites i mitjanes empreses ⭐ Estratègies que han ajudat al seu creixement empresarial.
/ca/casos-exit/cas-d-exit-dipole-rfid/,▷ Cas d'èxit Dipole RFID | Solucions RFID avançades,"Descobreix el cas d'èxit de Dipole RFID, líder en solucions RFID innovadores i eficients. Informació detallada i professional sobre el projecte."
/ca/casos-exit/cas-d-exit-superwagen/,▷ Cas d'èxit SEO local i SEM per Superwagen,"Estratègia de SEO local i SEM per vehicles d’ocasió que va augmentar trànsit, Top 3 local i leads qualificats ✅"
/ca/casos-exit/consultoria-de-marketing/,▷ Consultoria de marketing | Casos de éxito destacados,Análisis detallado de proyectos en consultoria de marketing que muestran resultados reales y aprendizaje aplicable ✅ Más información disponible.
/ca/casos-exit/consultoria-seo/,▷ Consultoria SEO | Casos de éxito demostrados,Proyectos con impacto real en consultoria SEO que muestran resultados y estrategias efectivas para posicionamiento orgánico✅
/ca/casos-exit/disseny-web/,▷ Disseny web | Casos d'èxit i projectes destacats,Examina projectes de disseny web amb gran impacte i resultats demostrats. Coneix casos d'èxit i estratègies efectives en el sector. ✅
/ca/casos-exit/e-commerce/,▷ E-commerce | Casos de éxito y proyectos destacados,Casos de éxito en e-commerce con proyectos de gran impacto. Conoce cómo se han desarrollado soluciones efectivas en el sector. ✅
/ca/casos-exit/google-ads/,▷ Google Ads | Casos de éxito destacados,Explora casos de éxito en Google Ads con resultados significativos y learnings clave para mejorar tus campañas publicitarias online.✅
/ca/casos-exit/marketing-digital/,▷ Marketing Digital | Casos de Éxito y Proyectos Destacados,"Explora casos reales de marketing digital y proyectos de gran impacto en el sector, con análisis detallados y resultados comprobados ✅"
/ca/casos-exit/restaurant-loremar/,▷ Cas d’èxit SEO local i redisseny web Restaurant Loremar | Sabadell,"Cas d’èxit de redisseny web i SEO local a Sabadell per al Restaurant Loremar, amb càrrega ràpida i sistema de carta autogestionable ✅"
/ca/casos-exit/seo-local/,▷ SEO Local | Casos de Éxito y Proyectos Destacados,Análisis detallado de casos de éxito en SEO local. Proyectos clave que muestran impacto y resultados en posicionamiento regional. 💡✅
/ca/casos-exit/seo/,▷ SEO | Casos d'Èxit en Projectes Destacats,Explora casos d'èxit en SEO amb projectes destacats i resultats visibles que aporten valor al sector 💡✅
/ca/cookies/,▷ Política de Cookies: información detallada y uso responsable,"Conoce la política de cookies, su finalidad y cómo gestionamos tus datos para ofrecer transparencia y seguridad en nuestra web ✅"
/ca/disseny-web-per-pimes/,▷ Disseny Web per a Pimes | Webs Corporatives i Botigues Optimitzades,"Agència especialitzada en disseny web per a pimes: webs corporatives, landings i botigues online ràpides i optimitzades per a Google ✅"
/ca/disseny-web-per-pimes/barcelona/,▷ Disseny Web a Barcelona | Solucions per a Pimes Efectives,"Agència especialitzada en disseny web a Barcelona per a pimes. Webs corporatives, landings i botigues online optimitzades per Google i enfocades en conversió ✅"
/ca/disseny-web-per-pimes/sabadell/,▷ Disseny Web a Sabadell | Webs per a Pimes Professionals,"Especialistes en disseny web a Sabadell per a pimes: webs corporatives, botigues online i landings optimitzades per a Google i orientades a la conversió ✅"
/ca/disseny-web-per-pimes/sant-cugat/,▷ Disseny Web a Sant Cugat | Webs Optimitzades per a Pimes,"Agència de disseny web a Sant Cugat per a pimes: webs corporatives, landings i botigues online ràpides i optimitzades per a Google ✅"
/ca/disseny-web-per-pimes/terrassa/,▷ Disseny Web a Terrassa | Webs per a Pimes optimitzades,"Agència de disseny web a Terrassa per a pimes: webs corporatives, landings i botigues online optimitzades per Google i enfocades a la conversió ✅"
/ca/gracies/,▷ Confirmació de contacte rebuda | Nova Marketing,Gràcies per la teva consulta. Hem rebut el missatge i ens posarem en contacte amb tu en breu per oferir-te informació detallada. ✅
/ca/privacitat/,▷ Política de Privacitat | Tractament de dades personals,Informació clara i detallada sobre la política de privacitat i el tractament de dades personals a la nostra plataforma ✅
/ca/termes-i-condicions/,▷ Termes i Condicions de Serveis Professionals | Contractació,Consulta els termes i condicions que regulen la contractació dels serveis professionals. Informació clara i detallada per a una relació transparent.✅
/casos-exito/,▷ Casos de éxito en pymes: resultados y crecimiento comprobado,Casos de éxito con resultados reales para pymes. Conoce cómo hemos contribuido al crecimiento sostenible de nuestros clientes ✅💡
/casos-exito/caso-de-exito-dipole-rfid/,▷ Caso de éxito Dipole RFID: Estrategia SEO en identificación por radiofrecuencia,Dipole RFID logra trasladar su liderazgo en identificación por radiofrecuencia al entorno digital gracias a una estrategia SEO efectiva 💡✅
/casos-exito/caso-de-exito-superwagen/,▷ Caso de éxito SEO local Superwagen | Estrategia digital efectiva,"Optimización SEO local y SEM para Superwagen: aumento de tráfico orgánico, Top 3 en búsquedas clave y generación de leads cualificados ✅"
/casos-exito/Consultoria-de-marketing/,▷ Consultoría de marketing | Casos de éxito y proyectos destacados,Consultoría de marketing: análisis de casos de éxito donde mostramos cómo hemos apoyado el crecimiento empresarial ⭐ Más información aquí.
/casos-exito/consultoria-seo/,▷ Consultoría SEO | Casos de éxito y resultados comprobados,Consultoría SEO con análisis de casos reales que muestran cómo ayudamos a empresas a mejorar su posicionamiento y crecimiento orgánico ✅
/casos-exito/diseno-web/,▷ Diseño web | Ejemplos y casos de éxito destacados,Descubre cómo empresas han mejorado su presencia digital con proyectos de diseño web efectivos y adaptados a sus necesidades ✅💡
/casos-exito/e-commerce/,▷ E-commerce | Casos de éxito y resultados comprobados,Análisis de casos de éxito en e-commerce con resultados reales y estrategias efectivas para crecimiento empresarial ✅ Más información.
/casos-exito/google-ads/,▷ Google Ads | Casos de éxito y resultados comprobados,Descubre casos de éxito en Google Ads y cómo hemos apoyado a empresas a potenciar su crecimiento mediante estrategias efectivas. ✅
/casos-exito/marketing-digital/,▷ Marketing Digital | Casos de éxito y resultados comprobados,Descubre cómo empresas han mejorado su marketing digital con estrategias efectivas y resultados claros ✅ Conoce nuestros casos de éxito detallados.
/casos-exito/restaurante-loremar/,▷ Caso de éxito SEO local restaurante Loremar | Sabadell,Rediseño web y mejora SEO local para Restaurante Loremar en Sabadell: carga rápida y sistema de carta autogestionable ✅ Más información.
/casos-exito/seo-local/,▷ SEO Local | Casos de éxito y soluciones efectivas,Ejemplos reales de cómo el SEO local ha ayudado a empresas a crecer y mejorar su presencia online ⭐ Conoce los resultados y metodología aplicada.
/casos-exito/seo/,▷ SEO | Casos de éxito en posicionamiento orgánico,Descubre cómo ayudamos a empresas a crecer con estrategias SEO efectivas y resultados medibles. ⭐ Más información sobre nuestros casos de éxito.
/cookies/,▷ Política de Cookies: Uso y Gestión en el Sitio Web,Información clara y detallada sobre la política de cookies y su función en la navegación del sitio web. Conoce cómo se utilizan las cookies aquí ✅.
/diseno-web-ads/,▷ Diseño Web para Pymes desde 80€/mes | Servicios Profesionales,"Diseño web para pymes desde 80€/mes. Soluciones a medida, optimizadas para SEO y mantenimiento incluido ✅ Más información sobre nuestros servicios."
/diseno-web-para-pymes/,▷ Diseño Web para PYMEs | Páginas optimizadas para convertir,"Agencia especializada en diseño web para PYMEs: webs corporativas, landings y tiendas online rápidas y optimizadas para SEO ✅ Más información"
/diseno-web-para-pymes/barcelona/,▷ Diseño Web en Barcelona | Páginas para PYMEs | Nova Marketing,"Agencia en Barcelona especializada en diseño web para PYMEs: webs corporativas, landings y tiendas online optimizadas para Google y enfocadas en conversión ✅"
/diseno-web-para-pymes/sabadell/,▷ Diseño Web en Sabadell | Páginas para PYMEs Profesionales,"Diseño web en Sabadell para PYMEs: webs corporativas, landings y tiendas online optimizadas para Google y enfocadas en convertir visitas✅"
/diseno-web-para-pymes/sant-cugat/,▷ Diseño Web en Sant Cugat | Páginas para PYMEs Efectivas,"Diseño web en Sant Cugat para PYMEs: webs corporativas, landings y tiendas online optimizadas para Google y pensadas para convertir visitas ✅"
/diseno-web-para-pymes/terrassa/,▷ Diseño Web en Terrassa | Páginas para PYMEs que Convierten,"Agencia en Terrassa especializada en diseño web para PYMEs. Webs rápidas, optimizadas para Google y diseñadas para convertir visitas en clientes ✅"
/diseno-web-sabadell-ads/,▷ Diseño Web para Pymes en Sabadell | desde 80€/mes,"Diseño web a medida para pymes en Sabadell, optimizado para SEO y con mantenimiento incluido ✅ Sin pago inicial y con soporte profesional."
/gracias/,▷ Consulta recibida: contacto confirmado y próximo paso,Hemos recibido tu consulta ✅ En esta página encontrarás la confirmación y los siguientes pasos para atender tu solicitud con atención profesional.
/privacidad/,▷ Política de Privacidad: Tratamiento de Datos Personales,Información clara y detallada sobre el uso y protección de datos personales según nuestra política de privacidad ✅ Más información disponible.
/sem-ads/,▷ Gestión de Google Ads desde 150€/mes | Servicios profesionales,"Optimiza tu cuenta de Google Ads con gestión desde 150€/mes, fee fijo y resultados medibles. Propuesta personalizada en 24h ✅"
/sem-sabadell-ads/,▷ Agencia Google Ads en Sabadell | Gestión desde 150€/mes,Gestión profesional de Google Ads en Sabadell con fee fijo desde 150€/mes. Resultados claros desde el inicio y propuesta gratis en 24h ✅
/seo-agencia-ads/,▷ Agencia SEO | Estrategia y posicionamiento en Google,Agencia SEO profesional con estrategia orgánica para mejorar tu posicionamiento en Google. Auditoría gratuita y resultados medibles ✅
/seo-barcelona-ads/,▷ Agencia SEO en Barcelona | Estrategia local y auditoría gratuita,Posicionamos tu empresa en Google para captar clientes en Barcelona por barrios. ✅ Auditoría gratuita y estrategia con resultados medibles.
/seo-consultor-ads/,▷ Consultor SEO experto | Estrategia y asesoría personalizada,"Consultor SEO con enfoque personalizado: asesoría directa, estrategia clara y resultados medibles para optimizar tu posicionamiento. 💡✅"
/seo-ecommerce-ads/,▷ SEO para Ecommerce | Posiciona tu Tienda Online eficazmente,"SEO especializado para tiendas online. Estrategias adaptadas a Shopify, WooCommerce y más para mejorar tráfico y conversiones 💡"
/seo-sabadell-ads/,▷ Agencia SEO en Sabadell | Estrategias para más visitas y clientes,Posicionamos empresas en Google en Sabadell y Vallès Occidental con auditoría gratuita y resultados medibles ✅ Más información sobre estrategia local.
/seo-sant-cugat-ads/,▷ Agencia SEO en Sant Cugat | Estrategia local y visibilidad,"Posicionamos tu empresa en Google en Sant Cugat con auditoría gratuita, estrategia local y resultados medibles ✅ Más información disponible."
/seo-terrassa-ads/,▷ Agencia SEO en Terrassa | Estrategias para más visitas y clientes,Posicionamos tu empresa en Google con auditoría gratuita y estrategia local en Terrassa y Vallès Occidental ✅ Resultados medibles y claros.
/terminos-y-condiciones/,▷ Términos y condiciones de servicio | Contratación profesional,"Detalles claros sobre los términos y condiciones para la contratación de servicios profesionales, garantizando transparencia y confianza ✅"